{
    "DesktopAudioDevice1": {
        "deinterlace_field_order": 0,
        "deinterlace_mode": 0,
        "enabled": true,
        "flags": 0,
        "hotkeys": {
            "libobs.mute": [],
            "libobs.push-to-mute": [],
            "libobs.push-to-talk": [],
            "libobs.unmute": []
        },
        "id": "wasapi_output_capture",
        "mixers": 255,
        "monitoring_type": 0,
        "muted": false,
        "name": "Desktop Audio",
        "push-to-mute": false,
        "push-to-mute-delay": 0,
        "push-to-talk": false,
        "push-to-talk-delay": 0,
        "settings": {
            "device_id": "default"
        },
        "sync": 0,
        "volume": 1.0
    },
    "current_program_scene": "Scene",
    "current_scene": "Scene",
    "current_transition": "Fade",
    "modules": {
        "auto-scene-switcher": {
            "active": false,
            "interval": 300,
            "non_matching_scene": "",
            "switch_if_not_matching": false,
            "switches": []
        },
        "captions": {
            "enabled": false,
            "lang_id": 1033,
            "source": ""
        },
        "output-timer": {
            "autoStartRecordTimer": false,
            "autoStartStreamTimer": false,
            "recordTimerHours": 0,
            "recordTimerMinutes": 0,
            "recordTimerSeconds": 30,
            "streamTimerHours": 0,
            "streamTimerMinutes": 0,
            "streamTimerSeconds": 30
        }
    },
    "name": "Untitled",
    "preview_locked": false,
    "quick_transitions": [
        {
            "duration": 300,
            "hotkeys": [],
            "id": 1,
            "name": "Cut"
        },
        {
            "duration": 300,
            "hotkeys": [],
            "id": 2,
            "name": "Fade"
        }
    ],
    "saved_preview_projectors": [
        {
            "saved_preview_projectors": 0
        },
        {
            "saved_preview_projectors": 0
        },
        {
            "saved_preview_projectors": 0
        },
        {
            "saved_preview_projectors": 0
        },
        {
            "saved_preview_projectors": 0
        },
        {
            "saved_preview_projectors": 0
        },
        {
            "saved_preview_projectors": 0
        },
        {
            "saved_preview_projectors": 0
        },
        {
            "saved_preview_projectors": 0
        },
        {
            "saved_preview_projectors": 0
        }
    ],
    "saved_projectors": [
        {
            "saved_projectors": ""
        },
        {
            "saved_projectors": ""
        },
        {
            "saved_projectors": ""
        },
        {
            "saved_projectors": ""
        },
        {
            "saved_projectors": ""
        },
        {
            "saved_projectors": ""
        },
        {
            "saved_projectors": ""
        },
        {
            "saved_projectors": ""
        },
        {
            "saved_projectors": ""
        },
        {
            "saved_projectors": ""
        }
    ],
    "scaling_mode": 0,
    "scene_order": [
        {
            "name": "Scene"
        }
    ],
    "sources": [
        {
            "deinterlace_field_order": 0,
            "deinterlace_mode": 0,
            "enabled": true,
            "flags": 0,
            "hotkeys": {},
            "id": "monitor_capture",
            "mixers": 0,
            "monitoring_type": 0,
            "muted": false,
            "name": "Display Capture",
            "push-to-mute": false,
            "push-to-mute-delay": 0,
            "push-to-talk": false,
            "push-to-talk-delay": 0,
            "settings": {},
            "sync": 0,
            "volume": 1.0
        },
        {
            "deinterlace_field_order": 0,
            "deinterlace_mode": 0,
            "enabled": true,
            "flags": 0,
            "hotkeys": {
                "OBSBasic.SelectScene": [],
                "libobs.hide_scene_item.Display Capture": [],
                "libobs.show_scene_item.Display Capture": []
            },
            "id": "scene",
            "mixers": 0,
            "monitoring_type": 0,
            "muted": false,
            "name": "Scene",
            "push-to-mute": false,
            "push-to-mute-delay": 0,
            "push-to-talk": false,
            "push-to-talk-delay": 0,
            "settings": {
                "id_counter": 1,
                "items": [
                    {
                        "align": 5,
                        "bounds": {
                            "x": 0.0,
                            "y": 0.0
                        },
                        "bounds_align": 0,
                        "bounds_type": 0,
                        "crop_bottom": 0,
                        "crop_left": 0,
                        "crop_right": 0,
                        "crop_top": 0,
                        "id": 1,
                        "name": "Display Capture",
                        "pos": {
                            "x": 0.0,
                            "y": 0.0
                        },
                        "rot": 0.0,
                        "scale": {
                            "x": 1.0,
                            "y": 1.0
                        },
                        "scale_filter": "disable",
                        "visible": true
                    }
                ]
            },
            "sync": 0,
            "volume": 1.0
        }
    ],
    "transition_duration": 300,
    "transitions": []
}